,day,open,high,low,close,volume
0,2020-07-01 11:30:00,3.15,3.16,3.14,3.15,4629800
1,2020-07-01 14:00:00,3.15,3.15,3.1,3.12,5714746
2,2020-07-01 15:00:00,3.12,3.13,3.11,3.13,8715845
3,2020-07-02 10:30:00,3.14,3.2,3.12,3.16,16387400
4,2020-07-02 11:30:00,3.16,3.17,3.14,3.16,6701627
5,2020-07-02 14:00:00,3.15,3.18,3.15,3.17,9610804
6,2020-07-02 15:00:00,3.18,3.2,3.17,3.19,15568377
7,2020-07-03 10:30:00,3.2,3.28,3.19,3.25,27325889
8,2020-07-03 11:30:00,3.25,3.28,3.24,3.27,13412565
9,2020-07-03 14:00:00,3.26,3.31,3.25,3.29,13999300
10,2020-07-03 15:00:00,3.3,3.37,3.29,3.33,31947991
11,2020-07-06 10:30:00,3.35,3.46,3.35,3.41,45404183
12,2020-07-06 11:30:00,3.41,3.46,3.38,3.46,15433528
13,2020-07-06 14:00:00,3.46,3.51,3.44,3.44,18138531
14,2020-07-06 15:00:00,3.45,3.5,3.44,3.48,16211224
15,2020-07-07 10:30:00,3.5,3.65,3.49,3.52,44602267
16,2020-07-07 11:30:00,3.52,3.55,3.51,3.55,12364601
17,2020-07-07 14:00:00,3.55,3.58,3.48,3.49,24480498
18,2020-07-07 15:00:00,3.5,3.51,3.39,3.4,36667929
19,2020-07-08 10:30:00,3.43,3.57,3.42,3.48,42566041
20,2020-07-08 11:30:00,3.48,3.53,3.47,3.48,15045901
21,2020-07-08 14:00:00,3.48,3.53,3.48,3.5,12135468
22,2020-07-08 15:00:00,3.51,3.59,3.5,3.55,25706822
23,2020-07-09 10:30:00,3.56,3.63,3.48,3.52,36151377
24,2020-07-09 11:30:00,3.51,3.58,3.48,3.58,15033809
25,2020-07-09 14:00:00,3.58,3.64,3.56,3.6,19884033
26,2020-07-09 15:00:00,3.6,3.62,3.52,3.61,20498422
27,2020-07-10 10:30:00,3.58,3.64,3.54,3.6,26674837
28,2020-07-10 11:30:00,3.6,3.61,3.53,3.56,15935861
29,2020-07-10 14:00:00,3.57,3.58,3.54,3.55,10591217
30,2020-07-10 15:00:00,3.55,3.57,3.47,3.5,21495031
31,2020-07-13 10:30:00,3.5,3.62,3.46,3.6,34537064
32,2020-07-13 11:30:00,3.59,3.76,3.59,3.75,31222261
33,2020-07-13 14:00:00,3.74,3.77,3.68,3.7,17460300
34,2020-07-13 15:00:00,3.7,3.76,3.69,3.73,23761855
35,2020-07-14 10:30:00,3.72,3.78,3.62,3.67,39331151
36,2020-07-14 11:30:00,3.67,3.68,3.63,3.64,11585600
37,2020-07-14 14:00:00,3.64,3.65,3.53,3.57,23321805
38,2020-07-14 15:00:00,3.57,3.68,3.56,3.68,15389433
39,2020-07-15 10:30:00,3.67,3.77,3.55,3.56,35307780
40,2020-07-15 11:30:00,3.55,3.57,3.48,3.53,21165769
41,2020-07-15 14:00:00,3.53,3.6,3.49,3.59,13600835
42,2020-07-15 15:00:00,3.59,3.6,3.48,3.49,14749526
43,2020-07-16 10:30:00,3.47,3.54,3.39,3.44,26042447
44,2020-07-16 11:30:00,3.45,3.52,3.44,3.48,9800200
45,2020-07-16 14:00:00,3.49,3.5,3.4,3.41,10840401
46,2020-07-16 15:00:00,3.42,3.44,3.32,3.36,20532675
47,2020-07-17 10:30:00,3.37,3.39,3.28,3.32,33647025
48,2020-07-17 11:30:00,3.32,3.36,3.23,3.25,22019800
49,2020-07-17 14:00:00,3.25,3.29,3.21,3.25,15037400
50,2020-07-17 15:00:00,3.25,3.28,3.23,3.25,10653400
51,2020-07-20 10:30:00,3.28,3.31,3.25,3.29,18640974
52,2020-07-20 11:30:00,3.29,3.33,3.28,3.33,10360571
53,2020-07-20 14:00:00,3.32,3.35,3.31,3.31,10944400
54,2020-07-20 15:00:00,3.32,3.38,3.3,3.37,15059387
55,2020-07-21 10:30:00,3.36,3.44,3.35,3.38,22280730
56,2020-07-21 11:30:00,3.39,3.4,3.35,3.38,8142100
57,2020-07-21 14:00:00,3.38,3.39,3.35,3.37,5106534
58,2020-07-21 15:00:00,3.36,3.38,3.35,3.37,7544601
59,2020-07-22 10:30:00,3.37,3.39,3.32,3.38,15351301
60,2020-07-22 11:30:00,3.39,3.44,3.36,3.41,16233391
61,2020-07-22 14:00:00,3.42,3.42,3.37,3.38,7986500
62,2020-07-22 15:00:00,3.37,3.39,3.33,3.35,11301570
63,2020-07-23 10:30:00,3.3,3.32,3.21,3.24,27323958
64,2020-07-23 11:30:00,3.24,3.26,3.19,3.24,15528304
65,2020-07-23 14:00:00,3.24,3.3,3.23,3.29,7805700
66,2020-07-23 15:00:00,3.29,3.3,3.28,3.3,7098058
67,2020-07-24 10:30:00,3.26,3.32,3.24,3.25,17847600
68,2020-07-24 11:30:00,3.25,3.27,3.2,3.21,9791500
69,2020-07-24 14:00:00,3.21,3.21,3.15,3.17,17707900
70,2020-07-24 15:00:00,3.16,3.17,3.12,3.15,16294441
71,2020-07-27 10:30:00,3.15,3.17,3.08,3.13,16238733
72,2020-07-27 11:30:00,3.13,3.15,3.12,3.13,5094400
73,2020-07-27 14:00:00,3.14,3.14,3.09,3.12,5923400
74,2020-07-27 15:00:00,3.12,3.13,3.1,3.12,6891735
75,2020-07-28 10:30:00,3.14,3.18,3.13,3.17,11803813
76,2020-07-28 11:30:00,3.17,3.18,3.14,3.15,5663100
77,2020-07-28 14:00:00,3.15,3.16,3.11,3.13,5570915
78,2020-07-28 15:00:00,3.12,3.15,3.11,3.15,5075200
79,2020-07-29 10:30:00,3.14,3.2,3.11,3.19,12572699
80,2020-07-29 11:30:00,3.19,3.22,3.18,3.18,13907170
81,2020-07-29 14:00:00,3.18,3.2,3.18,3.2,6262258
82,2020-07-29 15:00:00,3.19,3.23,3.19,3.23,9510342
83,2020-07-30 10:30:00,3.24,3.24,3.19,3.2,16133200
84,2020-07-30 11:30:00,3.21,3.21,3.18,3.2,7304452
85,2020-07-30 14:00:00,3.2,3.21,3.17,3.19,6641259
86,2020-07-30 15:00:00,3.2,3.21,3.18,3.2,6511583
87,2020-07-31 10:30:00,3.18,3.25,3.18,3.22,14784074
88,2020-07-31 11:30:00,3.21,3.22,3.17,3.21,9359200
89,2020-07-31 14:00:00,3.21,3.22,3.19,3.21,3878001
90,2020-07-31 15:00:00,3.21,3.23,3.19,3.21,8484000
91,2020-08-03 10:30:00,3.21,3.28,3.21,3.26,18152758
92,2020-08-03 11:30:00,3.25,3.33,3.25,3.3,16783538
93,2020-08-03 14:00:00,3.3,3.32,3.29,3.3,8504800
94,2020-08-03 15:00:00,3.3,3.32,3.29,3.32,10619680
95,2020-08-04 10:30:00,3.34,3.34,3.27,3.28,18931105
96,2020-08-04 11:30:00,3.29,3.31,3.27,3.28,7980200
97,2020-08-04 14:00:00,3.29,3.32,3.26,3.31,7783695
98,2020-08-04 15:00:00,3.32,3.35,3.29,3.3,11328700
99,2020-08-05 10:30:00,3.32,3.35,3.23,3.27,15809218
100,2020-08-05 11:30:00,3.27,3.31,3.26,3.31,6279597
101,2020-08-05 14:00:00,3.32,3.32,3.29,3.31,9008800
102,2020-08-05 15:00:00,3.31,3.32,3.29,3.32,11032587
103,2020-08-06 10:30:00,3.31,3.32,3.26,3.26,15927900
104,2020-08-06 11:30:00,3.26,3.29,3.26,3.29,9433998
105,2020-08-06 14:00:00,3.29,3.39,3.28,3.34,22292283
106,2020-08-06 15:00:00,3.34,3.38,3.34,3.37,14670801
107,2020-08-07 10:30:00,3.35,3.36,3.29,3.29,20948242
108,2020-08-07 11:30:00,3.3,3.31,3.28,3.28,6243301
109,2020-08-07 14:00:00,3.28,3.29,3.23,3.26,13192002
110,2020-08-07 15:00:00,3.26,3.32,3.26,3.29,11711473
111,2020-08-10 10:30:00,3.29,3.34,3.27,3.32,14957968
112,2020-08-10 11:30:00,3.32,3.33,3.3,3.32,7820201
113,2020-08-10 14:00:00,3.31,3.35,3.31,3.34,9966325
114,2020-08-10 15:00:00,3.34,3.37,3.33,3.34,11415813
115,2020-08-11 10:30:00,3.33,3.36,3.3,3.33,15329500
116,2020-08-11 11:30:00,3.32,3.33,3.3,3.31,7966107
117,2020-08-11 14:00:00,3.3,3.31,3.27,3.28,11977887
118,2020-08-11 15:00:00,3.28,3.3,3.21,3.23,17604717
119,2020-08-12 10:30:00,3.23,3.23,3.16,3.17,16250190
120,2020-08-12 11:30:00,3.18,3.2,3.15,3.16,6745200
121,2020-08-12 14:00:00,3.15,3.19,3.14,3.16,8592192
122,2020-08-12 15:00:00,3.17,3.21,3.16,3.2,6838290
123,2020-08-13 10:30:00,3.21,3.27,3.2,3.26,13466541
124,2020-08-13 11:30:00,3.26,3.26,3.22,3.23,5770087
125,2020-08-13 14:00:00,3.23,3.26,3.23,3.24,5584317
126,2020-08-13 15:00:00,3.24,3.26,3.23,3.23,7860700
127,2020-08-14 10:30:00,3.23,3.27,3.21,3.26,10296379
128,2020-08-14 11:30:00,3.26,3.26,3.23,3.25,4357000
129,2020-08-14 14:00:00,3.24,3.27,3.24,3.26,4158500
130,2020-08-14 15:00:00,3.26,3.29,3.25,3.29,11254936
131,2020-08-17 10:30:00,3.3,3.31,3.26,3.29,13863446
132,2020-08-17 11:30:00,3.28,3.32,3.28,3.31,9983417
133,2020-08-17 14:00:00,3.32,3.34,3.31,3.31,7885100
134,2020-08-17 15:00:00,3.31,3.33,3.3,3.33,9065697
135,2020-08-18 10:30:00,3.34,3.38,3.31,3.38,19322789
136,2020-08-18 11:30:00,3.38,3.42,3.35,3.42,24743337
137,2020-08-18 14:00:00,3.42,3.47,3.4,3.41,20753600
138,2020-08-18 15:00:00,3.41,3.42,3.39,3.42,12959361
139,2020-08-19 10:30:00,3.4,3.43,3.34,3.38,21041438
140,2020-08-19 11:30:00,3.39,3.41,3.37,3.4,6193984
141,2020-08-19 14:00:00,3.4,3.41,3.37,3.38,6761494
142,2020-08-19 15:00:00,3.37,3.39,3.33,3.35,14887767
143,2020-08-20 10:30:00,3.34,3.38,3.31,3.35,14876901
144,2020-08-20 11:30:00,3.35,3.36,3.32,3.35,5518900
145,2020-08-20 14:00:00,3.36,3.36,3.33,3.36,4283300
146,2020-08-20 15:00:00,3.34,3.36,3.32,3.34,8301901
147,2020-08-21 10:30:00,3.34,3.4,3.34,3.36,13797800
148,2020-08-21 11:30:00,3.36,3.37,3.34,3.35,5843700
149,2020-08-21 14:00:00,3.35,3.36,3.33,3.33,4783300
150,2020-08-21 15:00:00,3.33,3.35,3.3,3.35,10308490
151,2020-08-24 10:30:00,3.36,3.39,3.33,3.38,14863901
152,2020-08-24 11:30:00,3.38,3.43,3.37,3.42,17354455
153,2020-08-24 14:00:00,3.42,3.43,3.41,3.42,6206801
154,2020-08-24 15:00:00,3.41,3.43,3.4,3.43,8534212
155,2020-08-25 10:30:00,3.47,3.47,3.38,3.39,16680300
156,2020-08-25 11:30:00,3.39,3.41,3.35,3.37,9213501
157,2020-08-25 14:00:00,3.37,3.38,3.34,3.35,7537811
158,2020-08-25 15:00:00,3.36,3.38,3.34,3.35,6942563
159,2020-08-26 10:30:00,3.33,3.34,3.28,3.3,16586376
160,2020-08-26 11:30:00,3.3,3.31,3.26,3.26,9903100
161,2020-08-26 14:00:00,3.26,3.28,3.23,3.24,8870690
162,2020-08-26 15:00:00,3.24,3.26,3.23,3.25,7806601
163,2020-08-27 10:30:00,3.26,3.27,3.19,3.22,12687111
164,2020-08-27 11:30:00,3.21,3.25,3.21,3.25,7950890
165,2020-08-27 14:00:00,3.25,3.27,3.24,3.25,5629901
166,2020-08-27 15:00:00,3.25,3.27,3.24,3.27,6796429
167,2020-08-28 10:30:00,3.27,3.27,3.22,3.22,9093869
168,2020-08-28 11:30:00,3.22,3.26,3.22,3.26,4197147
169,2020-08-28 14:00:00,3.26,3.29,3.25,3.28,4787717
170,2020-08-28 15:00:00,3.28,3.31,3.27,3.31,11337655
171,2020-08-31 10:30:00,3.63,3.64,3.62,3.64,35730210
172,2020-08-31 11:30:00,3.64,3.64,3.64,3.64,825000
173,2020-08-31 14:00:00,3.64,3.64,3.64,3.64,1269700
174,2020-08-31 15:00:00,3.64,3.64,3.64,3.64,4420900
175,2020-09-01 10:30:00,4.0,4.0,3.71,3.93,240895485
176,2020-09-01 11:30:00,3.94,3.95,3.88,3.91,23035877
177,2020-09-01 14:00:00,3.91,3.96,3.82,3.88,25813022
178,2020-09-01 15:00:00,3.88,3.89,3.82,3.89,34528060
179,2020-09-02 10:30:00,4.01,4.28,4.0,4.28,119036277
180,2020-09-02 11:30:00,4.28,4.28,4.28,4.28,2733100
181,2020-09-02 14:00:00,4.28,4.28,4.28,4.28,1423600
182,2020-09-02 15:00:00,4.28,4.28,4.28,4.28,1573300
183,2020-09-03 10:30:00,4.59,4.59,4.19,4.29,252777011
184,2020-09-03 11:30:00,4.28,4.37,4.16,4.37,49508537
185,2020-09-03 14:00:00,4.37,4.56,4.3,4.42,39181542
186,2020-09-03 15:00:00,4.42,4.45,4.23,4.34,39815050
187,2020-09-04 10:30:00,4.07,4.14,3.95,4.02,117257264
188,2020-09-04 11:30:00,4.01,4.07,3.97,3.99,23025537
189,2020-09-04 14:00:00,4.0,4.01,3.92,3.97,35318575
190,2020-09-04 15:00:00,3.97,3.99,3.91,3.91,58844299
191,2020-09-07 10:30:00,3.85,3.96,3.81,3.88,62672159
192,2020-09-07 11:30:00,3.88,3.9,3.84,3.89,16769681
193,2020-09-07 14:00:00,3.89,3.89,3.82,3.83,19719470
194,2020-09-07 15:00:00,3.82,3.83,3.74,3.78,41847050
195,2020-09-08 10:30:00,3.78,3.82,3.68,3.71,56202220
196,2020-09-08 11:30:00,3.71,3.75,3.7,3.73,14727809
197,2020-09-08 14:00:00,3.73,4.0,3.73,3.94,61059581
198,2020-09-08 15:00:00,3.95,4.16,3.94,4.16,67780341
199,2020-09-09 10:30:00,4.13,4.34,4.07,4.28,136772204
200,2020-09-09 11:30:00,4.28,4.4,4.18,4.36,34872568
201,2020-09-09 14:00:00,4.36,4.4,4.25,4.31,26094392
202,2020-09-09 15:00:00,4.31,4.37,4.12,4.15,38795525
203,2020-09-10 10:30:00,4.24,4.28,4.03,4.14,68019877
204,2020-09-10 11:30:00,4.14,4.18,4.06,4.07,18453491
205,2020-09-10 14:00:00,4.07,4.16,4.03,4.11,20693353
206,2020-09-10 15:00:00,4.11,4.25,4.08,4.21,48762555
207,2020-09-11 10:30:00,4.12,4.37,4.03,4.24,71633156
208,2020-09-11 11:30:00,4.24,4.25,4.14,4.16,14681635
209,2020-09-11 14:00:00,4.16,4.2,4.12,4.15,16485100
210,2020-09-11 15:00:00,4.14,4.28,4.12,4.21,31920317
211,2020-09-14 10:30:00,4.23,4.34,4.18,4.24,60684266
212,2020-09-14 11:30:00,4.24,4.25,4.17,4.2,19633400
213,2020-09-14 14:00:00,4.19,4.28,4.19,4.2,14944060
214,2020-09-14 15:00:00,4.19,4.25,4.18,4.2,22510417
215,2020-09-15 10:30:00,4.1,4.14,3.93,3.99,67081885
216,2020-09-15 11:30:00,3.99,4.0,3.94,3.99,17306897
217,2020-09-15 14:00:00,3.99,4.0,3.88,3.92,28815204
218,2020-09-15 15:00:00,3.91,3.97,3.9,3.92,20565500
219,2020-09-16 10:30:00,3.91,4.31,3.86,4.31,87809457
220,2020-09-16 11:30:00,4.31,4.31,4.25,4.31,62552952
221,2020-09-16 14:00:00,4.31,4.31,4.31,4.31,3619490
222,2020-09-16 15:00:00,4.31,4.31,4.31,4.31,4814600
223,2020-09-17 10:30:00,4.3,4.5,4.25,4.43,147210622
224,2020-09-17 11:30:00,4.43,4.48,4.32,4.37,26470349
225,2020-09-17 14:00:00,4.37,4.38,4.3,4.35,22730237
226,2020-09-17 15:00:00,4.35,4.47,4.33,4.39,41293603
227,2020-09-18 10:30:00,4.39,4.45,4.25,4.27,56512046
228,2020-09-18 11:30:00,4.27,4.29,4.21,4.27,25387561
229,2020-09-18 14:00:00,4.28,4.34,4.27,4.34,16238757
230,2020-09-18 15:00:00,4.33,4.45,4.32,4.37,39352201
231,2020-09-21 10:30:00,4.39,4.54,4.31,4.33,60648351
232,2020-09-21 11:30:00,4.34,4.34,4.26,4.3,19344846
233,2020-09-21 14:00:00,4.31,4.31,4.22,4.26,17884147
234,2020-09-21 15:00:00,4.26,4.3,4.25,4.26,19525800
235,2020-09-22 10:30:00,4.16,4.29,4.15,4.19,37287155
236,2020-09-22 11:30:00,4.18,4.23,4.17,4.21,9533223
237,2020-09-22 14:00:00,4.2,4.22,4.16,4.17,10934265
238,2020-09-22 15:00:00,4.17,4.18,4.1,4.11,29289076
239,2020-09-23 10:30:00,4.13,4.19,4.1,4.15,28011939
240,2020-09-23 11:30:00,4.15,4.16,4.11,4.14,10070950
241,2020-09-23 14:00:00,4.15,4.16,4.1,4.12,10907528
242,2020-09-23 15:00:00,4.12,4.14,4.08,4.09,17443432
243,2020-09-24 10:30:00,4.09,4.09,4.0,4.0,30474927
244,2020-09-24 11:30:00,4.01,4.04,3.96,4.0,18263301
245,2020-09-24 14:00:00,3.99,4.0,3.97,3.99,7090700
246,2020-09-24 15:00:00,3.99,4.01,3.95,3.96,15822006
247,2020-09-25 10:30:00,3.98,4.03,3.9,3.94,18848807
248,2020-09-25 11:30:00,3.94,3.96,3.91,3.91,6337486
249,2020-09-25 14:00:00,3.92,3.93,3.88,3.91,9719715
250,2020-09-25 15:00:00,3.91,3.93,3.88,3.92,11243512
251,2020-09-28 10:30:00,3.92,3.97,3.9,3.91,12288811
252,2020-09-28 11:30:00,3.91,3.94,3.89,3.92,4909261
253,2020-09-28 14:00:00,3.92,3.96,3.91,3.93,6919033
254,2020-09-28 15:00:00,3.93,3.95,3.91,3.94,8869344
255,2020-09-29 10:30:00,3.97,3.99,3.91,3.98,18086600
256,2020-09-29 11:30:00,3.98,3.98,3.94,3.96,7483861
257,2020-09-29 14:00:00,3.96,3.97,3.92,3.93,7779000
258,2020-09-29 15:00:00,3.93,3.95,3.92,3.92,10855800
259,2020-09-30 10:30:00,3.92,3.93,3.8,3.81,24861600
260,2020-09-30 11:30:00,3.81,3.83,3.75,3.77,15992993
261,2020-09-30 14:00:00,3.77,3.79,3.73,3.77,10371281
262,2020-09-30 15:00:00,3.76,3.81,3.75,3.8,11574385
263,2020-10-09 10:30:00,3.88,3.95,3.84,3.9,18208900
264,2020-10-09 11:30:00,3.9,3.94,3.89,3.94,8678909
265,2020-10-09 14:00:00,3.94,3.94,3.91,3.92,6076600
266,2020-10-09 15:00:00,3.91,3.93,3.88,3.9,8358650
267,2020-10-12 10:30:00,3.9,4.0,3.88,3.99,19469748
268,2020-10-12 11:30:00,3.99,4.0,3.96,4.0,8575100
269,2020-10-12 14:00:00,3.99,4.03,3.99,4.02,12765729
270,2020-10-12 15:00:00,4.01,4.02,3.98,4.02,14234370
271,2020-10-13 10:30:00,4.02,4.03,3.93,3.96,17157571
272,2020-10-13 11:30:00,3.96,3.98,3.93,3.97,7252700
273,2020-10-13 14:00:00,3.96,4.0,3.96,3.99,7088427
274,2020-10-13 15:00:00,3.99,4.02,3.97,3.99,11757216
275,2020-10-14 10:30:00,3.79,3.84,3.65,3.72,69443934
276,2020-10-14 11:30:00,3.72,3.73,3.7,3.72,11896368
277,2020-10-14 14:00:00,3.72,3.72,3.67,3.69,16694521
278,2020-10-14 15:00:00,3.69,3.72,3.66,3.7,17797568
279,2020-10-15 10:30:00,3.66,3.69,3.55,3.59,32799636
280,2020-10-15 11:30:00,3.58,3.59,3.54,3.59,12959842
281,2020-10-15 14:00:00,3.59,3.6,3.57,3.58,5980598
282,2020-10-15 15:00:00,3.57,3.58,3.56,3.57,11329702
283,2020-10-16 10:30:00,3.58,3.6,3.51,3.54,9679720
284,2020-10-16 11:30:00,3.55,3.6,3.54,3.56,7687742
285,2020-10-16 14:00:00,3.57,3.6,3.56,3.59,4427200
286,2020-10-16 15:00:00,3.6,3.65,3.57,3.63,17088056
287,2020-10-19 10:30:00,3.63,3.65,3.59,3.59,16834400
288,2020-10-19 11:30:00,3.58,3.59,3.56,3.56,7495185
289,2020-10-19 14:00:00,3.57,3.58,3.53,3.55,7029239
290,2020-10-19 15:00:00,3.55,3.56,3.53,3.55,6909276
291,2020-10-20 10:30:00,3.53,3.54,3.47,3.53,14016806
292,2020-10-20 11:30:00,3.53,3.53,3.5,3.53,5062400
293,2020-10-20 14:00:00,3.53,3.57,3.52,3.55,5310911
294,2020-10-20 15:00:00,3.55,3.57,3.53,3.57,6396439
295,2020-10-21 10:30:00,3.54,3.55,3.48,3.49,13118800
296,2020-10-21 11:30:00,3.49,3.51,3.48,3.5,4202841
297,2020-10-21 14:00:00,3.5,3.51,3.48,3.49,4603600
298,2020-10-21 15:00:00,3.48,3.51,3.48,3.48,5832500
299,2020-10-22 10:30:00,3.49,3.51,3.4,3.5,16141400
300,2020-10-22 11:30:00,3.5,3.51,3.47,3.48,5053700
301,2020-10-22 14:00:00,3.49,3.5,3.48,3.49,3414579
302,2020-10-22 15:00:00,3.49,3.5,3.47,3.48,5802416
303,2020-10-23 10:30:00,3.47,3.56,3.45,3.52,16330700
304,2020-10-23 11:30:00,3.52,3.58,3.52,3.56,9390800
305,2020-10-23 14:00:00,3.56,3.57,3.53,3.54,7432300
306,2020-10-23 15:00:00,3.55,3.55,3.51,3.52,7939890
307,2020-10-26 10:30:00,3.55,3.55,3.46,3.51,12963002
308,2020-10-26 11:30:00,3.51,3.54,3.48,3.49,7025437
309,2020-10-26 14:00:00,3.5,3.5,3.44,3.44,7528500
310,2020-10-26 15:00:00,3.45,3.49,3.44,3.49,8084344
311,2020-10-27 10:30:00,3.46,3.47,3.43,3.45,8684500
312,2020-10-27 11:30:00,3.44,3.45,3.41,3.45,6418575
313,2020-10-27 14:00:00,3.44,3.45,3.42,3.44,2769449
314,2020-10-27 15:00:00,3.44,3.48,3.43,3.47,5581451
315,2020-10-28 10:30:00,3.47,3.47,3.38,3.4,9749800
316,2020-10-28 11:30:00,3.4,3.44,3.39,3.44,3517500
317,2020-10-28 14:00:00,3.44,3.58,3.43,3.57,12483124
318,2020-10-28 15:00:00,3.57,3.58,3.54,3.57,15333300
319,2020-10-29 10:30:00,3.5,3.57,3.49,3.5,16065700
320,2020-10-29 11:30:00,3.5,3.54,3.49,3.53,5355119
321,2020-10-29 14:00:00,3.53,3.54,3.5,3.51,4236900
322,2020-10-29 15:00:00,3.52,3.52,3.5,3.51,5910925
323,2020-10-30 10:30:00,3.51,3.54,3.5,3.51,8151019
324,2020-10-30 11:30:00,3.52,3.56,3.51,3.54,7740816
325,2020-10-30 14:00:00,3.54,3.56,3.5,3.5,6065900
326,2020-10-30 15:00:00,3.5,3.51,3.43,3.45,11665690
327,2020-11-02 10:30:00,3.38,3.39,3.25,3.37,23697513
328,2020-11-02 11:30:00,3.36,3.37,3.28,3.32,9791829
329,2020-11-02 14:00:00,3.32,3.33,3.28,3.31,7182440
330,2020-11-02 15:00:00,3.31,3.32,3.28,3.29,8218147
331,2020-11-03 10:30:00,3.3,3.35,3.29,3.34,10487127
332,2020-11-03 11:30:00,3.34,3.37,3.34,3.36,6417600
333,2020-11-03 14:00:00,3.35,3.36,3.33,3.34,3062641
334,2020-11-03 15:00:00,3.33,3.36,3.32,3.36,8103412
335,2020-11-04 10:30:00,3.37,3.37,3.31,3.31,9764378
336,2020-11-04 11:30:00,3.31,3.33,3.28,3.32,9209300
337,2020-11-04 14:00:00,3.31,3.34,3.3,3.33,3238858
338,2020-11-04 15:00:00,3.33,3.35,3.31,3.33,6222702
339,2020-11-05 10:30:00,3.36,3.42,3.34,3.36,18380778
340,2020-11-05 11:30:00,3.37,3.4,3.36,3.4,5763345
341,2020-11-05 14:00:00,3.4,3.41,3.38,3.4,6667689
342,2020-11-05 15:00:00,3.4,3.43,3.4,3.42,10713029
343,2020-11-06 10:30:00,3.42,3.43,3.35,3.37,11709843
344,2020-11-06 11:30:00,3.36,3.39,3.35,3.36,6078400
345,2020-11-06 14:00:00,3.37,3.38,3.35,3.36,3272267
346,2020-11-06 15:00:00,3.36,3.39,3.34,3.37,5658246
347,2020-11-09 10:30:00,3.38,3.47,3.37,3.43,15883587
348,2020-11-09 11:30:00,3.44,3.49,3.43,3.47,11584089
349,2020-11-09 14:00:00,3.47,3.48,3.45,3.46,5010683
350,2020-11-09 15:00:00,3.47,3.48,3.45,3.47,9155854
351,2020-11-10 10:30:00,3.49,3.54,3.46,3.48,17547211
352,2020-11-10 11:30:00,3.48,3.5,3.47,3.5,4805700
353,2020-11-10 14:00:00,3.49,3.5,3.45,3.45,4998500
354,2020-11-10 15:00:00,3.45,3.47,3.45,3.45,6294200
355,2020-11-11 10:30:00,3.45,3.45,3.37,3.39,13074140
356,2020-11-11 11:30:00,3.39,3.48,3.38,3.48,8982800
357,2020-11-11 14:00:00,3.47,3.48,3.43,3.45,4088200
358,2020-11-11 15:00:00,3.44,3.45,3.41,3.42,4832500
359,2020-11-12 10:30:00,3.43,3.45,3.4,3.42,6807900
360,2020-11-12 11:30:00,3.42,3.47,3.41,3.44,6569700
361,2020-11-12 14:00:00,3.44,3.45,3.43,3.44,2771300
362,2020-11-12 15:00:00,3.44,3.46,3.43,3.45,4395550
363,2020-11-13 10:30:00,3.44,3.44,3.36,3.38,12964792
364,2020-11-13 11:30:00,3.38,3.39,3.36,3.38,6161800
365,2020-11-13 14:00:00,3.39,3.39,3.34,3.35,7000999
366,2020-11-13 15:00:00,3.36,3.38,3.34,3.37,5228187
367,2020-11-16 10:30:00,3.37,3.39,3.35,3.37,8120200
368,2020-11-16 11:30:00,3.36,3.41,3.36,3.4,5943691
369,2020-11-16 14:00:00,3.4,3.44,3.39,3.42,7435500
370,2020-11-16 15:00:00,3.42,3.43,3.4,3.43,6409574
371,2020-11-17 10:30:00,3.42,3.43,3.38,3.4,7567800
372,2020-11-17 11:30:00,3.4,3.41,3.38,3.41,4909191
373,2020-11-17 14:00:00,3.41,3.42,3.39,3.42,2971800
374,2020-11-17 15:00:00,3.42,3.42,3.39,3.41,4374530
375,2020-11-18 10:30:00,3.4,3.45,3.38,3.42,9215500
376,2020-11-18 11:30:00,3.43,3.49,3.41,3.48,10092280
377,2020-11-18 14:00:00,3.47,3.5,3.46,3.47,8766374
378,2020-11-18 15:00:00,3.47,3.48,3.45,3.46,5595326
379,2020-11-19 10:30:00,3.47,3.49,3.43,3.46,11074814
380,2020-11-19 11:30:00,3.46,3.47,3.45,3.47,1926000
381,2020-11-19 14:00:00,3.47,3.48,3.45,3.47,4619500
382,2020-11-19 15:00:00,3.47,3.48,3.46,3.47,5910780
383,2020-11-20 10:30:00,3.47,3.48,3.41,3.42,11177000
384,2020-11-20 11:30:00,3.43,3.46,3.42,3.44,3308400
385,2020-11-20 14:00:00,3.44,3.46,3.42,3.46,4570842
386,2020-11-20 15:00:00,3.46,3.46,3.44,3.46,4388959
387,2020-11-23 10:30:00,3.46,3.47,3.42,3.43,9994942
388,2020-11-23 11:30:00,3.43,3.45,3.42,3.44,4636300
389,2020-11-23 14:00:00,3.45,3.53,3.44,3.51,16782000
390,2020-11-23 15:00:00,3.5,3.51,3.48,3.49,8202395
391,2020-11-24 10:30:00,3.5,3.52,3.46,3.48,10009899
392,2020-11-24 11:30:00,3.49,3.5,3.47,3.48,3601000
393,2020-11-24 14:00:00,3.48,3.5,3.47,3.48,4713400
394,2020-11-24 15:00:00,3.47,3.48,3.46,3.46,6785395
395,2020-11-25 10:30:00,3.47,3.49,3.44,3.45,10102403
396,2020-11-25 11:30:00,3.45,3.48,3.44,3.45,4777400
397,2020-11-25 14:00:00,3.45,3.46,3.42,3.43,4857300
398,2020-11-25 15:00:00,3.43,3.44,3.39,3.39,8718960
399,2020-11-26 10:30:00,3.37,3.4,3.36,3.36,7468550
400,2020-11-26 11:30:00,3.38,3.41,3.36,3.39,4666700
401,2020-11-26 14:00:00,3.39,3.41,3.38,3.38,2456800
402,2020-11-26 15:00:00,3.39,3.4,3.37,3.37,4464300
403,2020-11-27 10:30:00,3.37,3.44,3.37,3.4,11901600
404,2020-11-27 11:30:00,3.4,3.41,3.38,3.38,3285800
405,2020-11-27 14:00:00,3.38,3.4,3.37,3.4,2724066
406,2020-11-27 15:00:00,3.4,3.41,3.39,3.4,3992454
407,2020-11-30 10:30:00,3.41,3.47,3.39,3.45,13223577
408,2020-11-30 11:30:00,3.45,3.47,3.44,3.45,6137596
409,2020-11-30 14:00:00,3.45,3.46,3.41,3.42,5080791
410,2020-11-30 15:00:00,3.43,3.44,3.4,3.42,5549003
411,2020-12-01 10:30:00,3.42,3.43,3.38,3.42,8562200
412,2020-12-01 11:30:00,3.42,3.44,3.4,3.43,5138400
413,2020-12-01 14:00:00,3.44,3.45,3.42,3.43,4840982
414,2020-12-01 15:00:00,3.43,3.45,3.42,3.43,10659624
415,2020-12-02 10:30:00,3.44,3.47,3.42,3.46,10692857
416,2020-12-02 11:30:00,3.45,3.5,3.45,3.48,11339478
417,2020-12-02 14:00:00,3.48,3.48,3.46,3.47,4847316
418,2020-12-02 15:00:00,3.47,3.49,3.46,3.48,8388441
419,2020-12-03 10:30:00,3.46,3.48,3.42,3.44,11126500
420,2020-12-03 11:30:00,3.45,3.46,3.44,3.45,2518800
421,2020-12-03 14:00:00,3.46,3.46,3.44,3.45,3929300
422,2020-12-03 15:00:00,3.45,3.46,3.44,3.45,4360948
423,2020-12-04 10:30:00,3.45,3.45,3.4,3.41,9157683
424,2020-12-04 11:30:00,3.42,3.43,3.41,3.43,3088936
425,2020-12-04 14:00:00,3.43,3.44,3.41,3.43,2584800
426,2020-12-04 15:00:00,3.44,3.44,3.41,3.42,4619863
427,2020-12-07 10:30:00,3.37,3.39,3.35,3.37,17507930
428,2020-12-07 11:30:00,3.37,3.39,3.35,3.37,4981600
429,2020-12-07 14:00:00,3.36,3.38,3.36,3.37,4208023
430,2020-12-07 15:00:00,3.37,3.38,3.35,3.35,4658977
431,2020-12-08 10:30:00,3.34,3.37,3.33,3.37,6200285
432,2020-12-08 11:30:00,3.37,3.37,3.34,3.35,2767400
433,2020-12-08 14:00:00,3.35,3.36,3.34,3.34,3172000
434,2020-12-08 15:00:00,3.34,3.35,3.33,3.34,6395600
435,2020-12-09 10:30:00,3.33,3.34,3.16,3.2,29903816
436,2020-12-09 11:30:00,3.21,3.21,3.16,3.19,12665180
437,2020-12-09 14:00:00,3.18,3.19,3.13,3.14,12952520
438,2020-12-09 15:00:00,3.14,3.16,3.12,3.13,13648425
439,2020-12-10 10:30:00,3.25,3.35,3.22,3.24,36818430
440,2020-12-10 11:30:00,3.24,3.24,3.18,3.2,6244200
441,2020-12-10 14:00:00,3.2,3.21,3.17,3.18,4492900
442,2020-12-10 15:00:00,3.17,3.19,3.16,3.19,8362832
443,2020-12-11 10:30:00,3.06,3.07,2.87,2.92,63799648
444,2020-12-11 11:30:00,2.92,2.92,2.87,2.9,20165308
445,2020-12-11 14:00:00,2.9,2.92,2.87,2.88,16540911
446,2020-12-11 15:00:00,2.88,2.9,2.87,2.9,25555450
447,2020-12-14 10:30:00,2.9,2.9,2.75,2.89,25775700
448,2020-12-14 11:30:00,2.89,2.89,2.86,2.87,7716995
449,2020-12-14 14:00:00,2.88,2.88,2.82,2.82,6354505
450,2020-12-14 15:00:00,2.83,2.86,2.82,2.84,7437960
451,2020-12-15 10:30:00,2.83,2.83,2.77,2.78,16332930
452,2020-12-15 11:30:00,2.79,2.79,2.73,2.74,12719570
453,2020-12-15 14:00:00,2.74,2.77,2.72,2.77,7950159
454,2020-12-15 15:00:00,2.76,2.78,2.75,2.77,7292130
455,2020-12-16 10:30:00,2.75,2.76,2.72,2.72,11021601
456,2020-12-16 11:30:00,2.72,2.75,2.71,2.74,4648000
457,2020-12-16 14:00:00,2.74,2.75,2.73,2.74,3054900
458,2020-12-16 15:00:00,2.73,2.74,2.71,2.71,7953800
459,2020-12-17 10:30:00,2.68,2.69,2.59,2.61,27210500
460,2020-12-17 11:30:00,2.61,2.69,2.58,2.68,15182983
461,2020-12-17 14:00:00,2.68,2.76,2.68,2.76,11294683
462,2020-12-17 15:00:00,2.75,2.77,2.73,2.75,9989303
463,2020-12-18 10:30:00,2.73,2.78,2.72,2.74,13383440
464,2020-12-18 11:30:00,2.74,2.75,2.72,2.74,5044700
465,2020-12-18 14:00:00,2.74,2.74,2.71,2.74,5166847
466,2020-12-18 15:00:00,2.73,2.74,2.72,2.72,4482501
467,2020-12-21 10:30:00,2.72,2.74,2.66,2.72,9969000
468,2020-12-21 11:30:00,2.73,2.75,2.72,2.74,6287200
469,2020-12-21 14:00:00,2.75,2.76,2.73,2.75,5514800
470,2020-12-21 15:00:00,2.74,2.76,2.73,2.74,6098608
471,2020-12-22 10:30:00,2.73,2.73,2.69,2.7,10760100
472,2020-12-22 11:30:00,2.7,2.74,2.7,2.73,4422800
473,2020-12-22 14:00:00,2.73,2.75,2.7,2.71,6030000
474,2020-12-22 15:00:00,2.7,2.71,2.65,2.67,10320422
475,2020-12-23 10:30:00,2.7,2.7,2.66,2.67,8943100
476,2020-12-23 11:30:00,2.67,2.68,2.65,2.67,6800600
477,2020-12-23 14:00:00,2.67,2.69,2.66,2.66,4478900
478,2020-12-23 15:00:00,2.66,2.67,2.65,2.66,5082300
479,2020-12-24 10:30:00,2.68,2.69,2.64,2.64,9960600
480,2020-12-24 11:30:00,2.64,2.65,2.6,2.61,5512600
481,2020-12-24 14:00:00,2.62,2.62,2.59,2.6,7104247
482,2020-12-24 15:00:00,2.6,2.61,2.58,2.59,7068577
483,2020-12-25 10:30:00,2.59,2.63,2.55,2.62,9901382
484,2020-12-25 11:30:00,2.62,2.67,2.61,2.67,8283757
485,2020-12-25 14:00:00,2.66,2.68,2.64,2.65,6242800
486,2020-12-25 15:00:00,2.65,2.69,2.63,2.68,13438028
487,2020-12-28 10:30:00,2.68,2.68,2.6,2.62,13260800
488,2020-12-28 11:30:00,2.63,2.64,2.61,2.64,3851621
489,2020-12-28 14:00:00,2.64,2.64,2.61,2.62,4510179
490,2020-12-28 15:00:00,2.61,2.64,2.61,2.63,4702400
491,2020-12-29 10:30:00,2.63,2.66,2.61,2.66,8579892
492,2020-12-29 11:30:00,2.65,2.68,2.65,2.66,6819500
493,2020-12-29 14:00:00,2.66,2.67,2.65,2.65,2825564
494,2020-12-29 15:00:00,2.65,2.67,2.64,2.67,8948535
495,2020-12-30 10:30:00,2.65,2.68,2.63,2.65,7467567
496,2020-12-30 11:30:00,2.65,2.66,2.61,2.64,8686400
497,2020-12-30 14:00:00,2.64,2.65,2.62,2.63,4808000
498,2020-12-30 15:00:00,2.63,2.64,2.62,2.64,6233306
499,2020-12-31 10:30:00,2.63,2.66,2.62,2.65,8594664
500,2020-12-31 11:30:00,2.65,2.66,2.62,2.63,7251100
501,2020-12-31 14:00:00,2.63,2.65,2.62,2.65,3905447
502,2020-12-31 15:00:00,2.64,2.65,2.64,2.64,6303076
503,2021-01-04 10:30:00,2.63,2.64,2.61,2.61,11196817
504,2021-01-04 11:30:00,2.61,2.65,2.61,2.65,6356677
505,2021-01-04 14:00:00,2.65,2.68,2.63,2.65,7449406
506,2021-01-04 15:00:00,2.66,2.68,2.65,2.66,9592777
507,2021-01-05 10:30:00,2.64,2.65,2.61,2.62,11275283
508,2021-01-05 11:30:00,2.62,2.63,2.6,2.61,6508217
509,2021-01-05 14:00:00,2.61,2.62,2.6,2.61,3567600
510,2021-01-05 15:00:00,2.61,2.62,2.6,2.61,8617100
511,2021-01-06 10:30:00,2.55,2.56,2.43,2.46,36143199
512,2021-01-06 11:30:00,2.46,2.48,2.44,2.46,8306455
513,2021-01-06 14:00:00,2.46,2.48,2.45,2.46,6949146
514,2021-01-06 15:00:00,2.46,2.5,2.46,2.49,8357800
515,2021-01-07 10:30:00,2.47,2.48,2.43,2.44,13257259
516,2021-01-07 11:30:00,2.45,2.45,2.42,2.44,6486286
517,2021-01-07 14:00:00,2.44,2.44,2.37,2.38,16145414
518,2021-01-07 15:00:00,2.38,2.39,2.35,2.38,12820000
519,2021-01-08 10:30:00,2.39,2.62,2.27,2.62,50202179
520,2021-01-08 11:30:00,2.62,2.62,2.62,2.62,3537758
521,2021-01-08 14:00:00,2.62,2.62,2.62,2.62,1162899
522,2021-01-08 15:00:00,2.62,2.62,2.62,2.62,746500
523,2021-01-11 10:30:00,2.7,2.75,2.62,2.65,70140721
524,2021-01-11 11:30:00,2.65,2.67,2.62,2.63,10824193
525,2021-01-11 14:00:00,2.63,2.65,2.55,2.6,11402700
526,2021-01-11 15:00:00,2.6,2.6,2.57,2.58,8397800
527,2021-01-12 10:30:00,2.54,2.68,2.44,2.62,29824611
528,2021-01-12 11:30:00,2.61,2.65,2.6,2.61,6658800
529,2021-01-12 14:00:00,2.62,2.63,2.6,2.62,6259341
530,2021-01-12 15:00:00,2.62,2.63,2.6,2.63,8257403
531,2021-01-13 10:30:00,2.66,2.66,2.54,2.56,21736000
532,2021-01-13 11:30:00,2.57,2.63,2.56,2.6,4936035
533,2021-01-13 14:00:00,2.61,2.61,2.56,2.57,6496806
534,2021-01-13 15:00:00,2.57,2.59,2.56,2.57,5178925
535,2021-01-14 10:30:00,2.55,2.56,2.47,2.53,18592264
536,2021-01-14 11:30:00,2.54,2.56,2.52,2.55,3768500
537,2021-01-14 14:00:00,2.55,2.56,2.53,2.54,3808700
538,2021-01-14 15:00:00,2.53,2.55,2.51,2.51,8124299
539,2021-01-15 10:30:00,2.5,2.62,2.47,2.52,19651366
540,2021-01-15 11:30:00,2.52,2.54,2.51,2.52,4941275
541,2021-01-15 14:00:00,2.52,2.53,2.5,2.53,3861476
542,2021-01-15 15:00:00,2.53,2.56,2.52,2.54,5394501
543,2021-01-18 10:30:00,2.52,2.61,2.5,2.58,15729598
544,2021-01-18 11:30:00,2.57,2.6,2.57,2.59,4960798
545,2021-01-18 14:00:00,2.59,2.61,2.58,2.58,5415000
546,2021-01-18 15:00:00,2.58,2.62,2.58,2.6,10171101
547,2021-01-19 10:30:00,2.6,2.65,2.57,2.61,13211462
548,2021-01-19 11:30:00,2.62,2.68,2.61,2.67,11739886
549,2021-01-19 14:00:00,2.67,2.7,2.65,2.65,13610200
550,2021-01-19 15:00:00,2.65,2.67,2.64,2.65,10218600
551,2021-01-20 10:30:00,2.63,2.63,2.58,2.61,18113911
552,2021-01-20 11:30:00,2.62,2.62,2.58,2.59,8534400
553,2021-01-20 14:00:00,2.59,2.59,2.57,2.58,5078300
554,2021-01-20 15:00:00,2.58,2.6,2.58,2.6,7241503
555,2021-01-21 10:30:00,2.59,2.62,2.56,2.61,12220058
556,2021-01-21 11:30:00,2.61,2.65,2.6,2.63,12714700
557,2021-01-21 14:00:00,2.64,2.66,2.63,2.63,8994292
558,2021-01-21 15:00:00,2.63,2.65,2.63,2.65,8361875
559,2021-01-22 10:30:00,2.65,2.65,2.56,2.58,15936495
560,2021-01-22 11:30:00,2.58,2.59,2.56,2.58,4782263
561,2021-01-22 14:00:00,2.58,2.59,2.57,2.58,3768400
562,2021-01-22 15:00:00,2.58,2.58,2.56,2.56,6071400
563,2021-01-25 10:30:00,2.57,2.65,2.51,2.62,23464279
564,2021-01-25 11:30:00,2.62,2.78,2.61,2.73,31789264
565,2021-01-25 14:00:00,2.72,2.75,2.67,2.69,12072100
566,2021-01-25 15:00:00,2.7,2.7,2.67,2.68,10751371
567,2021-01-26 10:30:00,2.64,2.67,2.59,2.6,24732684
568,2021-01-26 11:30:00,2.6,2.61,2.59,2.61,6333016
569,2021-01-26 14:00:00,2.61,2.62,2.59,2.59,4968500
570,2021-01-26 15:00:00,2.6,2.61,2.59,2.6,5711365
571,2021-01-27 10:30:00,2.58,2.62,2.55,2.61,10451437
572,2021-01-27 11:30:00,2.61,2.62,2.58,2.6,3941364
573,2021-01-27 14:00:00,2.6,2.62,2.59,2.61,5294800
574,2021-01-27 15:00:00,2.61,2.62,2.58,2.58,5587964
575,2021-01-28 10:30:00,2.53,2.57,2.51,2.52,12749386
576,2021-01-28 11:30:00,2.52,2.55,2.51,2.54,4147402
577,2021-01-28 14:00:00,2.54,2.55,2.51,2.52,5750700
578,2021-01-28 15:00:00,2.51,2.52,2.5,2.5,7851634
579,2021-01-29 10:30:00,2.52,2.53,2.47,2.49,9070666
580,2021-01-29 11:30:00,2.48,2.49,2.47,2.48,3404000
581,2021-01-29 14:00:00,2.48,2.56,2.47,2.51,10635264
582,2021-01-29 15:00:00,2.5,2.54,2.48,2.54,5088158
583,2021-02-01 10:30:00,2.29,2.35,2.29,2.29,48439325
584,2021-02-01 11:30:00,2.29,2.29,2.29,2.29,1834100
585,2021-02-01 14:00:00,2.29,2.29,2.29,2.29,1922800
586,2021-02-01 15:00:00,2.29,2.29,2.29,2.29,1492400
587,2021-02-02 10:30:00,2.06,2.06,2.06,2.06,17259800
588,2021-02-02 11:30:00,2.06,2.06,2.06,2.06,1030000
589,2021-02-02 14:00:00,2.06,2.06,2.06,2.06,1279800
590,2021-02-02 15:00:00,2.06,2.06,2.06,2.06,1013200
591,2021-02-03 10:30:00,1.85,2.0,1.85,1.97,64358031
592,2021-02-03 11:30:00,1.97,1.98,1.93,1.93,7601300
593,2021-02-03 14:00:00,1.94,1.96,1.91,1.94,8982467
594,2021-02-03 15:00:00,1.94,1.95,1.91,1.93,12251500
595,2021-02-04 10:30:00,1.88,1.95,1.86,1.88,29164868
596,2021-02-04 11:30:00,1.89,1.89,1.84,1.85,12421872
597,2021-02-04 14:00:00,1.85,1.87,1.84,1.87,6181100
598,2021-02-04 15:00:00,1.87,1.91,1.86,1.89,7846213
599,2021-02-05 10:30:00,1.88,1.98,1.88,1.92,21021960
600,2021-02-05 11:30:00,1.92,1.93,1.89,1.9,6325573
601,2021-02-05 14:00:00,1.9,1.91,1.87,1.9,5171600
602,2021-02-05 15:00:00,1.9,1.9,1.86,1.86,7792235
603,2021-02-08 10:30:00,1.86,1.88,1.75,1.77,31049855
604,2021-02-08 11:30:00,1.77,1.82,1.77,1.79,10063600
605,2021-02-08 14:00:00,1.79,1.81,1.77,1.8,6443190
606,2021-02-08 15:00:00,1.81,1.82,1.76,1.8,10028148
607,2021-02-09 10:30:00,1.8,1.98,1.79,1.98,45271173
608,2021-02-09 11:30:00,1.98,1.98,1.95,1.98,23193220
609,2021-02-09 14:00:00,1.98,1.98,1.98,1.98,1863700
610,2021-02-09 15:00:00,1.98,1.98,1.98,1.98,879400
611,2021-02-10 10:30:00,1.98,2.03,1.91,1.94,34481900
612,2021-02-10 11:30:00,1.94,1.95,1.92,1.93,6787100
613,2021-02-10 14:00:00,1.92,1.93,1.91,1.92,8846300
614,2021-02-10 15:00:00,1.92,1.94,1.91,1.92,10236200
615,2021-02-18 10:30:00,1.92,2.01,1.91,1.98,31689800
616,2021-02-18 11:30:00,1.98,2.04,1.97,2.0,12222000
617,2021-02-18 14:00:00,2.0,2.02,1.99,2.01,5928900
618,2021-02-18 15:00:00,2.01,2.05,2.0,2.02,11927190
619,2021-02-19 10:30:00,2.01,2.14,1.99,2.12,29884146
620,2021-02-19 11:30:00,2.12,2.21,2.11,2.16,23873900
621,2021-02-19 14:00:00,2.16,2.18,2.14,2.15,6634800
622,2021-02-19 15:00:00,2.15,2.17,2.14,2.15,9436300
623,2021-02-22 10:30:00,2.16,2.33,2.15,2.31,35965998
624,2021-02-22 11:30:00,2.32,2.37,2.3,2.37,25493282
625,2021-02-22 14:00:00,2.37,2.37,2.37,2.37,1807000
626,2021-02-22 15:00:00,2.37,2.37,2.29,2.3,14806100
627,2021-02-23 10:30:00,2.31,2.33,2.18,2.23,40862600
628,2021-02-23 11:30:00,2.22,2.26,2.21,2.24,8770800
629,2021-02-23 14:00:00,2.24,2.25,2.22,2.23,6696800
630,2021-02-23 15:00:00,2.22,2.23,2.21,2.22,9574600
631,2021-02-24 10:30:00,2.2,2.39,2.2,2.37,36388400
632,2021-02-24 11:30:00,2.36,2.37,2.3,2.31,9620101
633,2021-02-24 14:00:00,2.32,2.33,2.28,2.31,10321000
634,2021-02-24 15:00:00,2.31,2.34,2.28,2.33,13716728
635,2021-02-25 10:30:00,2.33,2.34,2.24,2.28,22669135
636,2021-02-25 11:30:00,2.28,2.3,2.26,2.27,6877300
637,2021-02-25 14:00:00,2.28,2.29,2.26,2.28,5501600
638,2021-02-25 15:00:00,2.27,2.29,2.26,2.29,6776251
639,2021-02-26 10:30:00,2.24,2.32,2.21,2.25,18001736
640,2021-02-26 11:30:00,2.25,2.28,2.23,2.25,6241064
641,2021-02-26 14:00:00,2.25,2.26,2.23,2.24,4545900
642,2021-02-26 15:00:00,2.24,2.25,2.22,2.22,7877501
643,2021-03-01 10:30:00,2.25,2.28,2.23,2.26,14019500
644,2021-03-01 11:30:00,2.26,2.3,2.24,2.27,8867600
645,2021-03-01 14:00:00,2.27,2.27,2.25,2.26,2761900
646,2021-03-01 15:00:00,2.26,2.27,2.25,2.27,5351401
647,2021-03-02 10:30:00,2.29,2.3,2.24,2.25,8642500
648,2021-03-02 11:30:00,2.25,2.26,2.23,2.24,5272600
649,2021-03-02 14:00:00,2.24,2.25,2.22,2.22,5110600
650,2021-03-02 15:00:00,2.22,2.25,2.22,2.24,5159400
651,2021-03-03 10:30:00,2.24,2.26,2.21,2.23,8115100
652,2021-03-03 11:30:00,2.23,2.25,2.22,2.24,4346500
653,2021-03-03 14:00:00,2.24,2.26,2.23,2.26,6223149
654,2021-03-03 15:00:00,2.25,2.26,2.24,2.26,6185965
655,2021-03-04 10:30:00,2.25,2.28,2.23,2.26,12385174
656,2021-03-04 11:30:00,2.26,2.27,2.25,2.26,4810400
657,2021-03-04 14:00:00,2.27,2.27,2.24,2.25,4854700
658,2021-03-04 15:00:00,2.24,2.26,2.24,2.25,6527800
659,2021-03-05 10:30:00,2.24,2.25,2.21,2.23,8443349
660,2021-03-05 11:30:00,2.23,2.26,2.22,2.25,5952300
661,2021-03-05 14:00:00,2.25,2.26,2.23,2.26,3394565
662,2021-03-05 15:00:00,2.25,2.28,2.23,2.25,11818172
663,2021-03-08 10:30:00,2.25,2.28,2.24,2.24,10214200
664,2021-03-08 11:30:00,2.24,2.25,2.22,2.23,5550766
665,2021-03-08 14:00:00,2.23,2.24,2.22,2.23,5015090
666,2021-03-08 15:00:00,2.23,2.23,2.2,2.21,7112200
667,2021-03-09 10:30:00,2.21,2.21,2.06,2.12,19271800
668,2021-03-09 11:30:00,2.13,2.17,2.11,2.15,4881000
669,2021-03-09 14:00:00,2.15,2.2,2.15,2.16,4079300
670,2021-03-09 15:00:00,2.17,2.18,2.13,2.14,5458265
671,2021-03-10 10:30:00,2.15,2.16,2.1,2.12,8456900
672,2021-03-10 11:30:00,2.12,2.12,2.1,2.11,2232208
673,2021-03-10 14:00:00,2.11,2.12,2.08,2.1,4649193
674,2021-03-10 15:00:00,2.09,2.1,2.08,2.08,4664191
675,2021-03-11 10:30:00,2.08,2.11,2.06,2.11,10636406
676,2021-03-11 11:30:00,2.1,2.12,2.09,2.1,3567808
677,2021-03-11 14:00:00,2.1,2.14,2.1,2.13,4941717
678,2021-03-11 15:00:00,2.12,2.14,2.12,2.14,3893500
679,2021-03-12 10:30:00,2.14,2.16,2.1,2.12,7147600
680,2021-03-12 11:30:00,2.12,2.13,2.11,2.12,3556400
681,2021-03-12 14:00:00,2.13,2.14,2.12,2.13,3557300
682,2021-03-12 15:00:00,2.13,2.14,2.12,2.14,4834308
683,2021-03-15 10:30:00,2.13,2.17,2.11,2.16,6970051
684,2021-03-15 11:30:00,2.16,2.16,2.14,2.15,3243600
685,2021-03-15 14:00:00,2.15,2.16,2.13,2.15,3363600
686,2021-03-15 15:00:00,2.15,2.19,2.12,2.19,9562300
687,2021-03-16 10:30:00,2.21,2.21,2.15,2.2,14348900
688,2021-03-16 11:30:00,2.2,2.2,2.17,2.18,4787400
689,2021-03-16 14:00:00,2.19,2.2,2.18,2.19,3261977
690,2021-03-16 15:00:00,2.19,2.21,2.18,2.21,5256541
691,2021-03-17 10:30:00,2.2,2.22,2.18,2.2,8868349
692,2021-03-17 11:30:00,2.21,2.29,2.2,2.26,13959600
693,2021-03-17 14:00:00,2.27,2.28,2.23,2.27,6970500
694,2021-03-17 15:00:00,2.26,2.27,2.24,2.26,5162600
695,2021-03-18 10:30:00,2.25,2.25,2.18,2.21,14335400
696,2021-03-18 11:30:00,2.21,2.23,2.2,2.23,3037300
697,2021-03-18 14:00:00,2.22,2.23,2.2,2.2,2962400
698,2021-03-18 15:00:00,2.21,2.22,2.2,2.2,4370100
699,2021-03-19 10:30:00,2.18,2.25,2.16,2.22,12962096
700,2021-03-19 11:30:00,2.23,2.26,2.22,2.25,6796377
701,2021-03-19 14:00:00,2.25,2.25,2.21,2.22,3067599
702,2021-03-19 15:00:00,2.22,2.23,2.21,2.23,3159100
703,2021-03-22 10:30:00,2.22,2.24,2.21,2.21,9023149
704,2021-03-22 11:30:00,2.22,2.24,2.21,2.24,4921100
705,2021-03-22 14:00:00,2.23,2.24,2.22,2.24,3187300
706,2021-03-22 15:00:00,2.23,2.25,2.23,2.25,5611265
707,2021-03-23 10:30:00,2.25,2.27,2.22,2.22,10295644
708,2021-03-23 11:30:00,2.22,2.25,2.21,2.23,4945377
709,2021-03-23 14:00:00,2.23,2.24,2.22,2.23,2558600
710,2021-03-23 15:00:00,2.23,2.23,2.21,2.22,4570552
711,2021-03-24 10:30:00,2.21,2.22,2.18,2.21,7788801
712,2021-03-24 11:30:00,2.21,2.26,2.21,2.24,10834871
713,2021-03-24 14:00:00,2.25,2.25,2.21,2.21,3052800
714,2021-03-24 15:00:00,2.21,2.23,2.2,2.21,5138700
715,2021-03-25 10:30:00,2.21,2.22,2.14,2.17,14700866
716,2021-03-25 11:30:00,2.17,2.18,2.15,2.16,3215000
717,2021-03-25 14:00:00,2.17,2.18,2.16,2.17,2047000
718,2021-03-25 15:00:00,2.17,2.17,2.15,2.16,5722400
719,2021-03-26 10:30:00,2.15,2.17,2.13,2.15,7342000
720,2021-03-26 11:30:00,2.15,2.16,2.15,2.16,2529700
721,2021-03-26 14:00:00,2.16,2.16,2.15,2.15,2900610
722,2021-03-26 15:00:00,2.16,2.18,2.16,2.17,5675614
723,2021-03-29 10:30:00,2.15,2.18,2.14,2.17,7409400
724,2021-03-29 11:30:00,2.16,2.17,2.15,2.16,3223500
725,2021-03-29 14:00:00,2.17,2.17,2.15,2.15,2349301
726,2021-03-29 15:00:00,2.15,2.17,2.15,2.16,4532935
727,2021-03-30 10:30:00,2.15,2.15,2.09,2.09,10590000
728,2021-03-30 11:30:00,2.09,2.1,2.08,2.1,5143300
729,2021-03-30 14:00:00,2.1,2.11,2.07,2.08,5620501
730,2021-03-30 15:00:00,2.08,2.1,2.07,2.09,5658999
731,2021-03-31 10:30:00,2.08,2.11,2.06,2.09,5677340
732,2021-03-31 11:30:00,2.1,2.12,2.08,2.11,4897854
733,2021-03-31 14:00:00,2.12,2.12,2.1,2.12,3150384
734,2021-03-31 15:00:00,2.12,2.17,2.11,2.14,9860037
735,2021-04-01 10:30:00,2.14,2.15,2.11,2.11,7003400
736,2021-04-01 11:30:00,2.12,2.12,2.1,2.11,2279400
737,2021-04-01 14:00:00,2.12,2.12,2.09,2.11,4083714
738,2021-04-01 15:00:00,2.12,2.13,2.11,2.12,3573144
739,2021-04-02 10:30:00,2.12,2.14,2.1,2.13,5146650
740,2021-04-02 11:30:00,2.14,2.16,2.13,2.15,4695600
741,2021-04-02 14:00:00,2.15,2.16,2.14,2.16,4350429
742,2021-04-02 15:00:00,2.16,2.16,2.14,2.15,4030681
743,2021-04-06 10:30:00,2.15,2.17,2.14,2.16,7483336
744,2021-04-06 11:30:00,2.16,2.17,2.15,2.17,3638156
745,2021-04-06 14:00:00,2.16,2.19,2.16,2.18,4874511
746,2021-04-06 15:00:00,2.18,2.19,2.17,2.18,5811937
747,2021-04-07 10:30:00,2.18,2.23,2.16,2.22,13912422
748,2021-04-07 11:30:00,2.23,2.23,2.2,2.22,5472295
749,2021-04-07 14:00:00,2.23,2.23,2.2,2.22,5354300
750,2021-04-07 15:00:00,2.21,2.25,2.21,2.25,9892952
751,2021-04-08 10:30:00,2.2,2.21,2.04,2.09,47838005
752,2021-04-08 11:30:00,2.09,2.11,2.07,2.09,13136724
753,2021-04-08 14:00:00,2.09,2.09,2.07,2.09,8308492
754,2021-04-08 15:00:00,2.09,2.11,2.07,2.08,11964818
755,2021-04-09 10:30:00,2.06,2.12,2.02,2.09,23067880
756,2021-04-09 11:30:00,2.1,2.1,2.08,2.09,3781192
757,2021-04-09 14:00:00,2.08,2.1,2.08,2.09,4901700
758,2021-04-09 15:00:00,2.08,2.1,2.08,2.1,4437736
759,2021-04-12 10:30:00,2.09,2.11,2.05,2.08,11713985
760,2021-04-12 11:30:00,2.08,2.13,2.07,2.11,9430227
761,2021-04-12 14:00:00,2.1,2.11,2.09,2.09,2624500
762,2021-04-12 15:00:00,2.1,2.1,2.07,2.08,4496410
763,2021-04-13 10:30:00,2.06,2.07,2.02,2.05,9978400
764,2021-04-13 11:30:00,2.05,2.06,2.03,2.04,6195301
765,2021-04-13 14:00:00,2.04,2.04,2.02,2.03,5263000
766,2021-04-13 15:00:00,2.03,2.03,1.99,2.0,12684400
767,2021-04-14 10:30:00,1.97,2.0,1.96,1.97,11749800
768,2021-04-14 11:30:00,1.98,2.04,1.97,2.0,8117101
769,2021-04-14 14:00:00,2.01,2.02,2.0,2.02,3208700
770,2021-04-14 15:00:00,2.01,2.02,2.0,2.01,4901731
771,2021-04-15 10:30:00,2.0,2.01,1.99,2.0,5733271
772,2021-04-15 11:30:00,1.99,2.08,1.99,2.07,8840274
773,2021-04-15 14:00:00,2.07,2.12,2.05,2.09,21643942
774,2021-04-15 15:00:00,2.09,2.1,2.07,2.08,6843522
775,2021-04-16 10:30:00,2.06,2.1,2.03,2.09,15243937
776,2021-04-16 11:30:00,2.08,2.1,2.07,2.09,5513910
777,2021-04-16 14:00:00,2.09,2.1,2.07,2.08,4675700
778,2021-04-16 15:00:00,2.09,2.1,2.08,2.09,5856722
779,2021-04-19 10:30:00,2.07,2.09,2.05,2.08,10095630
780,2021-04-19 11:30:00,2.09,2.1,2.08,2.09,4976304
781,2021-04-19 14:00:00,2.08,2.09,2.07,2.07,3338300
782,2021-04-19 15:00:00,2.07,2.08,2.06,2.07,6384000
783,2021-04-20 10:30:00,2.06,2.09,2.06,2.07,7598100
784,2021-04-20 11:30:00,2.08,2.09,2.07,2.07,3985728
785,2021-04-20 14:00:00,2.08,2.08,2.05,2.06,5342072
786,2021-04-20 15:00:00,2.06,2.06,2.03,2.04,6423600
787,2021-04-21 10:30:00,2.03,2.04,2.0,2.02,8905900
788,2021-04-21 11:30:00,2.02,2.03,2.01,2.03,1697200
789,2021-04-21 14:00:00,2.02,2.03,2.01,2.01,2068400
790,2021-04-21 15:00:00,2.01,2.02,2.0,2.01,6651500
791,2021-04-22 10:30:00,2.01,2.03,2.0,2.01,5452200
792,2021-04-22 11:30:00,2.01,2.02,2.0,2.01,2196400
793,2021-04-22 14:00:00,2.01,2.02,2.0,2.0,2606810
794,2021-04-22 15:00:00,2.0,2.01,1.99,1.99,4561397
795,2021-04-23 10:30:00,1.99,2.0,1.96,1.98,6144500
796,2021-04-23 11:30:00,1.98,1.98,1.93,1.95,7622036
797,2021-04-23 14:00:00,1.94,1.96,1.94,1.96,4463822
798,2021-04-23 15:00:00,1.95,1.96,1.95,1.95,2095800
799,2021-04-26 10:30:00,1.94,1.96,1.93,1.95,5716402
800,2021-04-26 11:30:00,1.96,1.96,1.95,1.95,2468944
801,2021-04-26 14:00:00,1.95,1.96,1.93,1.94,3222654
802,2021-04-26 15:00:00,1.94,1.94,1.91,1.92,4303100
803,2021-04-27 10:30:00,1.91,1.93,1.87,1.87,8256500
804,2021-04-27 11:30:00,1.87,1.88,1.86,1.88,5009900
805,2021-04-27 14:00:00,1.87,1.89,1.86,1.88,3390300
806,2021-04-27 15:00:00,1.89,1.9,1.88,1.88,2984934
807,2021-04-28 10:30:00,1.88,1.92,1.86,1.9,6548700
808,2021-04-28 11:30:00,1.9,1.9,1.89,1.89,1741510
809,2021-04-28 14:00:00,1.89,1.9,1.87,1.88,3789500
810,2021-04-28 15:00:00,1.89,1.9,1.87,1.88,3054422
811,2021-04-29 10:30:00,1.88,1.9,1.86,1.9,5029034
812,2021-04-29 11:30:00,1.9,1.93,1.9,1.91,4745546
813,2021-04-29 14:00:00,1.91,1.95,1.91,1.93,4782356
814,2021-04-29 15:00:00,1.93,1.95,1.93,1.95,4311888
815,2021-04-30 10:30:00,2.15,2.15,2.15,2.15,18676400
816,2021-04-30 11:30:00,2.15,2.15,2.15,2.15,3048500
817,2021-04-30 14:00:00,2.15,2.15,2.15,2.15,1933316
818,2021-04-30 15:00:00,2.15,2.15,2.15,2.15,768000
819,2021-05-06 10:30:00,2.35,2.37,2.25,2.37,82772926
820,2021-05-06 11:30:00,2.37,2.37,2.37,2.37,1988700
821,2021-05-06 14:00:00,2.37,2.37,2.37,2.37,1431400
822,2021-05-06 15:00:00,2.37,2.37,2.37,2.37,833300
823,2021-05-07 10:30:00,2.61,2.61,2.42,2.5,180807319
824,2021-05-07 11:30:00,2.5,2.51,2.46,2.49,16592223
825,2021-05-07 14:00:00,2.48,2.5,2.42,2.45,18637131
826,2021-05-07 15:00:00,2.45,2.45,2.4,2.44,24498431
827,2021-05-10 10:30:00,2.37,2.5,2.31,2.35,73416883
828,2021-05-10 11:30:00,2.36,2.36,2.32,2.34,12654390
829,2021-05-10 14:00:00,2.34,2.68,2.3,2.68,94694444
830,2021-05-10 15:00:00,2.68,2.68,2.64,2.68,37303214
831,2021-05-11 10:30:00,2.56,2.67,2.5,2.62,69330918
832,2021-05-11 11:30:00,2.62,2.67,2.53,2.55,21145900
833,2021-05-11 14:00:00,2.55,2.66,2.54,2.59,17899506
834,2021-05-11 15:00:00,2.59,2.6,2.5,2.5,31859534
835,2021-05-12 10:30:00,2.49,2.51,2.38,2.44,38692200
836,2021-05-12 11:30:00,2.45,2.46,2.42,2.45,9973900
837,2021-05-12 14:00:00,2.45,2.45,2.4,2.43,12238300
838,2021-05-12 15:00:00,2.43,2.44,2.41,2.43,22013610
839,2021-05-13 10:30:00,2.4,2.48,2.4,2.45,29627210
840,2021-05-13 11:30:00,2.46,2.57,2.45,2.5,28338200
841,2021-05-13 14:00:00,2.5,2.52,2.46,2.49,9175714
842,2021-05-13 15:00:00,2.48,2.49,2.44,2.46,12337137
843,2021-05-14 10:30:00,2.5,2.52,2.42,2.48,28587400
844,2021-05-14 11:30:00,2.48,2.49,2.45,2.46,8662800
845,2021-05-14 14:00:00,2.46,2.5,2.45,2.48,8789800
846,2021-05-14 15:00:00,2.49,2.49,2.45,2.45,12694801
847,2021-05-17 10:30:00,2.44,2.48,2.41,2.43,21617000
848,2021-05-17 11:30:00,2.43,2.55,2.42,2.5,22392557
849,2021-05-17 14:00:00,2.5,2.51,2.47,2.48,6387400
850,2021-05-17 15:00:00,2.49,2.49,2.46,2.47,7791400
851,2021-05-18 10:30:00,2.46,2.49,2.41,2.46,17528800
852,2021-05-18 11:30:00,2.46,2.47,2.45,2.47,6422100
853,2021-05-18 14:00:00,2.47,2.53,2.45,2.5,18745188
854,2021-05-18 15:00:00,2.49,2.5,2.47,2.49,13139002
855,2021-05-19 10:30:00,2.55,2.65,2.5,2.52,58066610
856,2021-05-19 11:30:00,2.52,2.54,2.49,2.53,11672568
857,2021-05-19 14:00:00,2.54,2.54,2.5,2.5,5690600
858,2021-05-19 15:00:00,2.51,2.52,2.46,2.46,14720600
859,2021-05-20 10:30:00,2.4,2.4,2.33,2.33,43510629
860,2021-05-20 11:30:00,2.33,2.38,2.3,2.37,17218035
861,2021-05-20 14:00:00,2.36,2.37,2.33,2.37,4968100
862,2021-05-20 15:00:00,2.36,2.37,2.32,2.32,10516100
863,2021-05-21 10:30:00,2.31,2.39,2.3,2.38,22780344
864,2021-05-21 11:30:00,2.38,2.55,2.37,2.52,58665652
865,2021-05-21 14:00:00,2.52,2.53,2.48,2.48,11699200
866,2021-05-21 15:00:00,2.48,2.51,2.47,2.48,13710400
867,2021-05-24 10:30:00,2.48,2.55,2.4,2.5,37628100
868,2021-05-24 11:30:00,2.5,2.54,2.49,2.5,10805877
869,2021-05-24 14:00:00,2.5,2.5,2.47,2.49,6831200
870,2021-05-24 15:00:00,2.49,2.53,2.48,2.53,16459647
871,2021-05-25 10:30:00,2.53,2.54,2.46,2.48,18990400
872,2021-05-25 11:30:00,2.47,2.51,2.45,2.49,9196400
873,2021-05-25 14:00:00,2.5,2.51,2.48,2.48,5812500
874,2021-05-25 15:00:00,2.48,2.49,2.47,2.48,9625000
875,2021-05-26 10:30:00,2.5,2.55,2.48,2.54,28167040
876,2021-05-26 11:30:00,2.54,2.54,2.5,2.51,9283900
877,2021-05-26 14:00:00,2.52,2.55,2.51,2.54,10453400
878,2021-05-26 15:00:00,2.53,2.54,2.52,2.53,13004600
879,2021-05-27 10:30:00,2.52,2.58,2.51,2.55,21078400
880,2021-05-27 11:30:00,2.54,2.55,2.52,2.54,7687100
881,2021-05-27 14:00:00,2.54,2.55,2.5,2.51,8045100
882,2021-05-27 15:00:00,2.51,2.53,2.5,2.53,8845300
883,2021-05-28 10:30:00,2.51,2.53,2.46,2.46,22996800
884,2021-05-28 11:30:00,2.47,2.5,2.46,2.48,7068502
885,2021-05-28 14:00:00,2.48,2.78,2.47,2.7,80539612
886,2021-05-28 15:00:00,2.69,2.7,2.63,2.65,22793700
887,2021-05-31 10:30:00,2.72,2.92,2.65,2.92,98215677
888,2021-05-31 11:30:00,2.92,2.92,2.92,2.92,1958000
889,2021-05-31 14:00:00,2.92,2.92,2.92,2.92,2711400
890,2021-05-31 15:00:00,2.92,2.92,2.92,2.92,2014020
891,2021-06-01 10:30:00,3.17,3.17,2.95,3.11,142788618
892,2021-06-01 11:30:00,3.1,3.11,3.01,3.04,21805728
893,2021-06-01 14:00:00,3.03,3.13,3.03,3.09,22450789
894,2021-06-01 15:00:00,3.1,3.21,3.09,3.21,71264401
895,2021-06-02 10:30:00,3.21,3.52,3.15,3.36,159792748
896,2021-06-02 11:30:00,3.36,3.52,3.36,3.46,31734762
897,2021-06-02 14:00:00,3.47,3.53,3.45,3.53,59622431
898,2021-06-02 15:00:00,3.53,3.53,3.48,3.53,47511208
899,2021-06-03 10:30:00,3.55,3.88,3.53,3.88,125223806
900,2021-06-03 11:30:00,3.88,3.88,3.88,3.88,1948400
901,2021-06-03 14:00:00,3.88,3.88,3.88,3.88,5287300
902,2021-06-03 15:00:00,3.88,3.88,3.88,3.88,1244400
903,2021-06-04 10:30:00,3.94,4.27,3.91,4.09,208772350
904,2021-06-04 11:30:00,4.1,4.1,3.91,3.97,46106577
905,2021-06-04 14:00:00,3.97,4.2,3.94,4.03,35546336
906,2021-06-04 15:00:00,4.04,4.15,3.93,3.97,54873033
907,2021-06-07 10:30:00,3.86,4.11,3.75,3.87,120799586
908,2021-06-07 11:30:00,3.86,3.98,3.76,3.84,40837699
909,2021-06-07 14:00:00,3.85,4.04,3.82,3.92,33621267
910,2021-06-07 15:00:00,3.92,4.09,3.9,4.08,56527954
911,2021-06-08 10:30:00,3.8,3.86,3.67,3.67,85541600
912,2021-06-08 11:30:00,3.67,3.67,3.67,3.67,4082400
913,2021-06-08 14:00:00,3.67,3.67,3.67,3.67,5089900
914,2021-06-08 15:00:00,3.67,3.67,3.67,3.67,4609200
915,2021-06-09 10:30:00,3.48,3.69,3.47,3.5,95377981
916,2021-06-09 11:30:00,3.51,3.6,3.5,3.54,21428655
917,2021-06-09 14:00:00,3.54,3.55,3.46,3.49,34056939
918,2021-06-09 15:00:00,3.5,3.52,3.46,3.5,37418431
919,2021-06-10 10:30:00,3.53,3.6,3.43,3.53,78374002
920,2021-06-10 11:30:00,3.53,3.55,3.47,3.49,22670802
921,2021-06-10 14:00:00,3.49,3.54,3.46,3.52,15700244
922,2021-06-10 15:00:00,3.52,3.53,3.41,3.45,42303403
923,2021-06-11 10:30:00,3.49,3.57,3.39,3.52,64312633
924,2021-06-11 11:30:00,3.52,3.54,3.44,3.45,19413886
925,2021-06-11 14:00:00,3.46,3.49,3.42,3.46,13380402
926,2021-06-11 15:00:00,3.47,3.48,3.41,3.43,23142610
927,2021-06-15 10:30:00,3.38,3.53,3.19,3.36,67646836
928,2021-06-15 11:30:00,3.36,3.39,3.3,3.33,12416100
929,2021-06-15 14:00:00,3.34,3.34,3.3,3.31,9288200
930,2021-06-15 15:00:00,3.3,3.34,3.27,3.3,18110346
931,2021-06-16 10:30:00,3.29,3.38,3.24,3.29,31388205
932,2021-06-16 11:30:00,3.29,3.49,3.26,3.39,49519933
933,2021-06-16 14:00:00,3.4,3.43,3.3,3.34,14016000
934,2021-06-16 15:00:00,3.34,3.38,3.32,3.36,12950600
935,2021-06-17 10:30:00,3.32,3.39,3.27,3.3,28178102
936,2021-06-17 11:30:00,3.3,3.37,3.27,3.36,11059900
937,2021-06-17 14:00:00,3.35,3.41,3.32,3.37,17829600
938,2021-06-17 15:00:00,3.38,3.39,3.34,3.34,16231970
939,2021-06-18 10:30:00,3.29,3.34,3.24,3.32,32884492
940,2021-06-18 11:30:00,3.32,3.39,3.3,3.34,11806802
941,2021-06-18 14:00:00,3.33,3.36,3.32,3.33,7475900
942,2021-06-18 15:00:00,3.34,3.36,3.32,3.34,15161973
943,2021-06-21 10:30:00,3.31,3.56,3.3,3.5,64301700
944,2021-06-21 11:30:00,3.49,3.63,3.49,3.52,30329292
945,2021-06-21 14:00:00,3.53,3.58,3.52,3.55,9771600
946,2021-06-21 15:00:00,3.54,3.56,3.46,3.5,18786330
947,2021-06-22 10:30:00,3.45,3.59,3.42,3.47,46429700
948,2021-06-22 11:30:00,3.48,3.52,3.43,3.51,15194192
949,2021-06-22 14:00:00,3.51,3.54,3.44,3.45,12098100
950,2021-06-22 15:00:00,3.46,3.48,3.44,3.46,15166900
951,2021-06-23 10:30:00,3.47,3.48,3.11,3.21,118679681
952,2021-06-23 11:30:00,3.2,3.23,3.16,3.21,11272400
953,2021-06-23 14:00:00,3.22,3.23,3.11,3.13,40847878
954,2021-06-23 15:00:00,3.13,3.14,3.11,3.11,45416556
955,2021-06-24 10:30:00,3.06,3.09,2.98,3.02,69280017
956,2021-06-24 11:30:00,3.02,3.04,2.99,3.0,22525512
957,2021-06-24 14:00:00,3.0,3.07,2.99,3.0,21217400
958,2021-06-24 15:00:00,3.0,3.01,2.94,2.94,48292317
959,2021-06-25 10:30:00,2.89,2.97,2.88,2.9,40157349
960,2021-06-25 11:30:00,2.91,2.94,2.87,2.92,27398500
961,2021-06-25 14:00:00,2.92,2.94,2.91,2.92,11195600
962,2021-06-25 15:00:00,2.92,2.94,2.9,2.93,21121000
963,2021-06-28 10:30:00,2.97,2.97,2.88,2.9,30641511
964,2021-06-28 11:30:00,2.9,2.94,2.89,2.91,9763500
965,2021-06-28 14:00:00,2.9,2.92,2.88,2.89,11651700
966,2021-06-28 15:00:00,2.88,2.91,2.88,2.89,14143300
967,2021-06-29 10:30:00,2.89,2.89,2.8,2.86,38825500
968,2021-06-29 11:30:00,2.86,2.96,2.86,2.94,33283400
969,2021-06-29 14:00:00,2.93,2.94,2.9,2.93,8379600
970,2021-06-29 15:00:00,2.92,2.93,2.89,2.91,13185500
971,2021-06-30 10:30:00,2.91,2.92,2.83,2.84,27897400
972,2021-06-30 11:30:00,2.84,2.85,2.81,2.83,13768400
973,2021-06-30 14:00:00,2.84,2.84,2.81,2.81,11802600
974,2021-06-30 15:00:00,2.82,2.83,2.78,2.78,27430224
975,2021-07-01 10:30:00,2.8,2.85,2.76,2.81,29464779
976,2021-07-01 11:30:00,2.82,2.82,2.78,2.8,8258900
977,2021-07-01 14:00:00,2.8,2.81,2.79,2.79,4779189
978,2021-07-01 15:00:00,2.79,2.8,2.74,2.75,16935189
979,2021-07-02 10:30:00,2.74,2.78,2.73,2.74,17759100
980,2021-07-02 11:30:00,2.74,2.81,2.74,2.76,14572400
981,2021-07-02 14:00:00,2.76,2.77,2.74,2.74,5952800
982,2021-07-02 15:00:00,2.75,2.79,2.74,2.79,13667300
983,2021-07-05 10:30:00,2.75,2.84,2.75,2.81,24730236
984,2021-07-05 11:30:00,2.8,2.82,2.79,2.81,7005000
985,2021-07-05 14:00:00,2.8,2.83,2.78,2.82,8335200
986,2021-07-05 15:00:00,2.82,2.85,2.81,2.84,18478289
987,2021-07-06 10:30:00,2.86,3.12,2.85,2.98,88394355
988,2021-07-06 11:30:00,2.99,2.99,2.93,2.97,14852600
989,2021-07-06 14:00:00,2.97,3.0,2.95,2.96,14274800
990,2021-07-06 15:00:00,2.96,2.98,2.94,2.96,17958880
991,2021-07-07 10:30:00,2.97,2.98,2.86,2.87,39310323
992,2021-07-07 11:30:00,2.88,2.89,2.86,2.88,9523700
993,2021-07-07 14:00:00,2.88,2.9,2.87,2.89,9575079
994,2021-07-07 15:00:00,2.9,2.91,2.86,2.89,19387326
995,2021-07-08 10:30:00,2.9,2.9,2.77,2.79,42975442
996,2021-07-08 11:30:00,2.78,2.84,2.77,2.82,12316600
997,2021-07-08 14:00:00,2.82,2.82,2.79,2.8,7059346
998,2021-07-08 15:00:00,2.81,2.82,2.79,2.8,9347900
999,2021-07-09 10:30:00,2.76,2.82,2.75,2.81,17552700
1000,2021-07-09 11:30:00,2.81,2.81,2.77,2.78,6420100
1001,2021-07-09 14:00:00,2.77,2.81,2.77,2.81,7371800
1002,2021-07-09 15:00:00,2.8,2.84,2.8,2.83,14306104
1003,2021-07-12 10:30:00,2.87,2.88,2.83,2.85,20697800
1004,2021-07-12 11:30:00,2.85,2.85,2.82,2.83,9751000
1005,2021-07-12 14:00:00,2.82,2.85,2.81,2.81,9638000
1006,2021-07-12 15:00:00,2.81,2.83,2.81,2.82,9662000
1007,2021-07-13 10:30:00,2.81,2.85,2.77,2.82,20475217
1008,2021-07-13 11:30:00,2.82,2.84,2.82,2.82,5290900
1009,2021-07-13 14:00:00,2.82,2.83,2.8,2.81,8651528
1010,2021-07-13 15:00:00,2.82,2.87,2.81,2.87,20705980
1011,2021-07-14 10:30:00,2.87,2.87,2.8,2.82,16097500
1012,2021-07-14 11:30:00,2.81,2.83,2.8,2.82,4928700
1013,2021-07-14 14:00:00,2.83,2.87,2.82,2.84,9108500
1014,2021-07-14 15:00:00,2.85,2.85,2.82,2.83,8815900
1015,2021-07-15 10:30:00,2.83,2.83,2.72,2.73,27046900
1016,2021-07-15 11:30:00,2.74,2.78,2.73,2.77,6664784
1017,2021-07-15 14:00:00,2.77,2.77,2.74,2.76,4095992
1018,2021-07-15 15:00:00,2.75,2.78,2.75,2.77,7699900
1019,2021-07-16 10:30:00,2.77,2.83,2.75,2.79,17201191
1020,2021-07-16 11:30:00,2.79,2.81,2.78,2.81,5870400
1021,2021-07-16 14:00:00,2.8,2.83,2.79,2.8,7911204
1022,2021-07-16 15:00:00,2.8,2.97,2.8,2.9,52359163
